<?xml version="1.0" encoding="utf-8"?>
<rdf:RDF xmlns:rdf="http://www.w3.org/1999/02/22-rdf-syntax-ns#" xmlns:cim="http://iec.ch/TC57/2012/CIM-schema-cim16#" xmlns:md="http://iec.ch/TC57/61970-552/ModelDescription/1#" xmlns:entsoe="http://entsoe.eu/Secretariat/ProfileExtension/2#" xmlns:neplan="http://www.neplan.ch#">
  <md:FullModel rdf:about="urn:uuid:d5181331-13a5-466a-a0ca-393241bfc036">
    <md:Model.created>2017-11-06T17:03:13</md:Model.created>
    <neplan:Model.createdBy>NEPLAN by Busarello + Cott + Partner AG, Switzerland</neplan:Model.createdBy>
    <md:Model.scenarioTime>2017-11-06T17:03:08</md:Model.scenarioTime>
    <md:Model.version>7</md:Model.version>
    <md:Model.description>NEPLAN</md:Model.description>
    <md:Model.modelingAuthoritySet>FULL</md:Model.modelingAuthoritySet>
    <md:Model.profile>http://iec.ch/TC57/61970-452/Equipment/3</md:Model.profile>
  </md:FullModel>
  <cim:NameType rdf:ID="_45ff0842-d60f-4acf-802b-e00463458fed">
    <cim:NameType.name>description</cim:NameType.name>
  </cim:NameType>
  <cim:BaseVoltage rdf:ID="_4201aaae-3116-461a-90ec-7eeffd9340be">
    <cim:BaseVoltage.nominalVoltage>20.00</cim:BaseVoltage.nominalVoltage>
  </cim:BaseVoltage>
  <cim:BaseVoltage rdf:ID="_6ab1e177-da45-48d0-af69-902c37c05905">
    <cim:BaseVoltage.nominalVoltage>110.00</cim:BaseVoltage.nominalVoltage>
  </cim:BaseVoltage>
  <cim:VoltageLevel rdf:ID="_d56d1acc-b7b4-4391-987a-6cc7dcab9d59">
    <cim:IdentifiedObject.name>41</cim:IdentifiedObject.name>
    <cim:VoltageLevel.Substation rdf:resource="#_3FA2-2E-F1-31323239373839323835"/>
    <cim:VoltageLevel.BaseVoltage rdf:resource="#_6ab1e177-da45-48d0-af69-902c37c05905"/>
  </cim:VoltageLevel>
  <cim:VoltageLevel rdf:ID="_e5aa478f-75bb-481f-aaf8-e647dc9b52c0">
    <cim:IdentifiedObject.name>18467</cim:IdentifiedObject.name>
    <cim:VoltageLevel.Substation rdf:resource="#_3FA2-2E-F1-31323239373839333330"/>
    <cim:VoltageLevel.BaseVoltage rdf:resource="#_4201aaae-3116-461a-90ec-7eeffd9340be"/>
  </cim:VoltageLevel>
  <cim:Substation rdf:ID="_3FA2-2E-F1-31323239373839333330">
    <cim:IdentifiedObject.name>N1</cim:IdentifiedObject.name>
    <cim:Substation.Region rdf:resource="#_2e7dc594-f8f6-4446-a778-e3af1844a19e"/>
  </cim:Substation>
  <cim:Substation rdf:ID="_3FA2-2E-F1-31323239373839323835">
    <cim:IdentifiedObject.name>N0</cim:IdentifiedObject.name>
    <cim:Substation.Region rdf:resource="#_2e7dc594-f8f6-4446-a778-e3af1844a19e"/>
  </cim:Substation>
  <cim:GeographicalRegion rdf:ID="_7568ac03-167d-483e-9782-ef6dbab59566">
    <cim:IdentifiedObject.name>Area 1</cim:IdentifiedObject.name>
  </cim:GeographicalRegion>
  <cim:SubGeographicalRegion rdf:ID="_2e7dc594-f8f6-4446-a778-e3af1844a19e">
    <cim:IdentifiedObject.name>Zone 1</cim:IdentifiedObject.name>
    <cim:SubGeographicalRegion.Region rdf:resource="#_7568ac03-167d-483e-9782-ef6dbab59566"/>
  </cim:SubGeographicalRegion>
  <cim:OperationalLimitType rdf:ID="_24c22cc8-5a0b-4cdc-a379-04a43074c2fd">
    <cim:IdentifiedObject.name>PATL</cim:IdentifiedObject.name>
    <cim:OperationalLimitType.acceptableDuration>45000</cim:OperationalLimitType.acceptableDuration>
    <cim:OperationalLimitType.direction rdf:resource="http://iec.ch/TC57/2012/CIM-schema-cim16#OperationalLimitDirectionKind.absoluteValue"/>
  </cim:OperationalLimitType>
  <cim:OperationalLimitType rdf:ID="_ee107a64-38e3-4a45-bd8d-24d12d0a91c8">
    <cim:IdentifiedObject.name>TATL</cim:IdentifiedObject.name>
    <cim:OperationalLimitType.acceptableDuration>180</cim:OperationalLimitType.acceptableDuration>
    <cim:OperationalLimitType.direction rdf:resource="http://iec.ch/TC57/2012/CIM-schema-cim16#OperationalLimitDirectionKind.absoluteValue"/>
  </cim:OperationalLimitType>
  <cim:OperationalLimitType rdf:ID="_b1a79382-62dd-44ce-aa56-02f9ffbd7759">
    <cim:IdentifiedObject.name>TATL</cim:IdentifiedObject.name>
    <cim:OperationalLimitType.acceptableDuration>60</cim:OperationalLimitType.acceptableDuration>
    <cim:OperationalLimitType.direction rdf:resource="http://iec.ch/TC57/2012/CIM-schema-cim16#OperationalLimitDirectionKind.absoluteValue"/>
  </cim:OperationalLimitType>
  <cim:EnergyConsumer rdf:ID="PQ0">
    <cim:IdentifiedObject.name>PQ0</cim:IdentifiedObject.name>
    <cim:Equipment.aggregate>false</cim:Equipment.aggregate>
    <cim:Equipment.EquipmentContainer rdf:resource="#_e5aa478f-75bb-481f-aaf8-e647dc9b52c0"/>
  </cim:EnergyConsumer>
  <cim:Terminal rdf:ID="E-1229789342">
    <cim:IdentifiedObject.name>PQ0_0</cim:IdentifiedObject.name>
    <cim:Terminal.sequenceNumber>1</cim:Terminal.sequenceNumber>
    <cim:Terminal.ConductingEquipment rdf:resource="#PQ0"/>
  </cim:Terminal>
  <cim:Name rdf:ID="_553940e7-bdc2-42cb-94ba-49b915c7bbd6">
    <cim:Name.name>NETWORK-FEEDER:</cim:Name.name>
    <cim:Name.NameType rdf:resource="#_45ff0842-d60f-4acf-802b-e00463458fed"/>
    <cim:Name.IdentifiedObject rdf:resource="#SL"/>
  </cim:Name>
  <cim:ExternalNetworkInjection rdf:ID="SL">
    <cim:IdentifiedObject.name>SL</cim:IdentifiedObject.name>
    <cim:Equipment.aggregate>false</cim:Equipment.aggregate>
    <cim:Equipment.EquipmentContainer rdf:resource="#_d56d1acc-b7b4-4391-987a-6cc7dcab9d59"/>
    <cim:ExternalNetworkInjection.ikSecond>true</cim:ExternalNetworkInjection.ikSecond>
    <cim:ExternalNetworkInjection.maxInitialSymShCCurrent>43301.000000</cim:ExternalNetworkInjection.maxInitialSymShCCurrent>
    <cim:ExternalNetworkInjection.maxR0ToX0Ratio>0e+000</cim:ExternalNetworkInjection.maxR0ToX0Ratio>
    <cim:ExternalNetworkInjection.maxR1ToX1Ratio>0e+000</cim:ExternalNetworkInjection.maxR1ToX1Ratio>
    <cim:ExternalNetworkInjection.maxZ0ToZ1Ratio>0e+000</cim:ExternalNetworkInjection.maxZ0ToZ1Ratio>
    <cim:ExternalNetworkInjection.minInitialSymShCCurrent>0e+000</cim:ExternalNetworkInjection.minInitialSymShCCurrent>
    <cim:ExternalNetworkInjection.minR0ToX0Ratio>0e+000</cim:ExternalNetworkInjection.minR0ToX0Ratio>
    <cim:ExternalNetworkInjection.minR1ToX1Ratio>0e+000</cim:ExternalNetworkInjection.minR1ToX1Ratio>
    <cim:ExternalNetworkInjection.minZ0ToZ1Ratio>0e+000</cim:ExternalNetworkInjection.minZ0ToZ1Ratio>
    <cim:ExternalNetworkInjection.voltageFactor>1.000000</cim:ExternalNetworkInjection.voltageFactor>
    <cim:ExternalNetworkInjection.referencePriority>1</cim:ExternalNetworkInjection.referencePriority>
  </cim:ExternalNetworkInjection>
  <cim:Terminal rdf:ID="E-1229789333">
    <cim:IdentifiedObject.name>SL_0</cim:IdentifiedObject.name>
    <cim:Terminal.sequenceNumber>1</cim:Terminal.sequenceNumber>
    <cim:Terminal.ConductingEquipment rdf:resource="#SL"/>
  </cim:Terminal>
  <cim:PowerTransformer rdf:ID="TR0">
    <cim:IdentifiedObject.name>TR0</cim:IdentifiedObject.name>
    <cim:Equipment.aggregate>false</cim:Equipment.aggregate>
    <cim:Equipment.EquipmentContainer rdf:resource="#_3FA2-2E-F1-31323239373839323835"/>
    <cim:PowerTransformer.beforeShCircuitHighestOperatingVoltage>0e+000</cim:PowerTransformer.beforeShCircuitHighestOperatingVoltage>
    <cim:PowerTransformer.beforeShCircuitHighestOperatingCurrent>0e+000</cim:PowerTransformer.beforeShCircuitHighestOperatingCurrent>
    <cim:PowerTransformer.beforeShortCircuitAnglePf>0e+000</cim:PowerTransformer.beforeShortCircuitAnglePf>
    <cim:PowerTransformer.highSideMinOperatingU>0e+000</cim:PowerTransformer.highSideMinOperatingU>
    <cim:PowerTransformer.isPartOfGeneratorUnit>false</cim:PowerTransformer.isPartOfGeneratorUnit>
    <cim:PowerTransformer.operationalValuesConsidered>false</cim:PowerTransformer.operationalValuesConsidered>
  </cim:PowerTransformer>
  <cim:Terminal rdf:ID="E-1229789336">
    <cim:IdentifiedObject.name>TR0_0</cim:IdentifiedObject.name>
    <cim:Terminal.sequenceNumber>1</cim:Terminal.sequenceNumber>
    <cim:Terminal.ConductingEquipment rdf:resource="#TR0"/>
  </cim:Terminal>
  <cim:PowerTransformerEnd rdf:ID="_8b998b99-588f-452f-9647-6f738f8b1906">
    <cim:IdentifiedObject.name>TR0</cim:IdentifiedObject.name>
    <cim:PowerTransformerEnd.r>1.905750</cim:PowerTransformerEnd.r>
    <cim:PowerTransformerEnd.x>36.371106</cim:PowerTransformerEnd.x>
    <cim:PowerTransformerEnd.b>-0.0000019835</cim:PowerTransformerEnd.b>
    <cim:PowerTransformerEnd.g>0.0</cim:PowerTransformerEnd.g>
    <cim:PowerTransformerEnd.r0>1.905750</cim:PowerTransformerEnd.r0>
    <cim:PowerTransformerEnd.x0>34.432301</cim:PowerTransformerEnd.x0>
    <cim:PowerTransformerEnd.b0>0.0</cim:PowerTransformerEnd.b0>
    <cim:PowerTransformerEnd.g0>0.0</cim:PowerTransformerEnd.g0>
    <cim:TransformerEnd.rground>0e+000</cim:TransformerEnd.rground>
    <cim:TransformerEnd.xground>0.0</cim:TransformerEnd.xground>
    <cim:PowerTransformerEnd.ratedS>40.000000</cim:PowerTransformerEnd.ratedS>
    <cim:PowerTransformerEnd.ratedU>110.000000</cim:PowerTransformerEnd.ratedU>
    <cim:TransformerEnd.endNumber>1</cim:TransformerEnd.endNumber>
    <cim:PowerTransformerEnd.phaseAngleClock>0</cim:PowerTransformerEnd.phaseAngleClock>
    <cim:TransformerEnd.grounded>true</cim:TransformerEnd.grounded>
    <cim:PowerTransformerEnd.connectionKind rdf:resource="http://iec.ch/TC57/2012/CIM-schema-cim16#WindingConnection.Y"/>
    <cim:TransformerEnd.BaseVoltage rdf:resource="#_6ab1e177-da45-48d0-af69-902c37c05905"/>
    <cim:PowerTransformerEnd.PowerTransformer rdf:resource="#TR0"/>
    <cim:TransformerEnd.Terminal rdf:resource="#E-1229789336"/>
  </cim:PowerTransformerEnd>
  <cim:Name rdf:ID="_f043ffa3-96e0-4f31-af32-4db9ae85be74">
    <cim:Name.name>Ratings for branch TR0</cim:Name.name>
    <cim:Name.NameType rdf:resource="#_45ff0842-d60f-4acf-802b-e00463458fed"/>
    <cim:Name.IdentifiedObject rdf:resource="#_E67B-E-1229789336"/>
  </cim:Name>
  <cim:OperationalLimitSet rdf:ID="_E67B-E-1229789336">
    <cim:IdentifiedObject.name>Ratings</cim:IdentifiedObject.name>
    <cim:OperationalLimitSet.Equipment rdf:resource="#TR0"/>
    <cim:OperationalLimitSet.Terminal rdf:resource="#E-1229789336"/>
  </cim:OperationalLimitSet>
  <cim:Name rdf:ID="_7ef97934-4898-43ee-a1ca-cfdcb5d24af0">
    <cim:Name.name>Ratings for line TR0 - Normal</cim:Name.name>
    <cim:Name.NameType rdf:resource="#_45ff0842-d60f-4acf-802b-e00463458fed"/>
    <cim:Name.IdentifiedObject rdf:resource="#_E67C-E-1229789336_1"/>
  </cim:Name>
  <cim:CurrentLimit rdf:ID="_E67C-E-1229789336_1">
    <cim:IdentifiedObject.name>Normal</cim:IdentifiedObject.name>
    <cim:CurrentLimit.value>0e+000</cim:CurrentLimit.value>
    <cim:OperationalLimit.OperationalLimitSet rdf:resource="#_E67B-E-1229789336"/>
    <cim:OperationalLimit.OperationalLimitType rdf:resource="#_24c22cc8-5a0b-4cdc-a379-04a43074c2fd"/>
  </cim:CurrentLimit>
  <cim:Name rdf:ID="_fe97a9ba-7c23-45f8-836f-51b95b1751a7">
    <cim:Name.name>Ratings for line TR0 - ShortTerm</cim:Name.name>
    <cim:Name.NameType rdf:resource="#_45ff0842-d60f-4acf-802b-e00463458fed"/>
    <cim:Name.IdentifiedObject rdf:resource="#_E67C-E-1229789336_2"/>
  </cim:Name>
  <cim:CurrentLimit rdf:ID="_E67C-E-1229789336_2">
    <cim:IdentifiedObject.name>ShortTerm</cim:IdentifiedObject.name>
    <cim:CurrentLimit.value>0e+000</cim:CurrentLimit.value>
    <cim:OperationalLimit.OperationalLimitSet rdf:resource="#_E67B-E-1229789336"/>
    <cim:OperationalLimit.OperationalLimitType rdf:resource="#_ee107a64-38e3-4a45-bd8d-24d12d0a91c8"/>
  </cim:CurrentLimit>
  <cim:Name rdf:ID="_2835ac7b-0af4-4595-9552-d6901d46fed7">
    <cim:Name.name>Ratings for line TR0 - Emergency</cim:Name.name>
    <cim:Name.NameType rdf:resource="#_45ff0842-d60f-4acf-802b-e00463458fed"/>
    <cim:Name.IdentifiedObject rdf:resource="#_E67C-E-1229789336_3"/>
  </cim:Name>
  <cim:CurrentLimit rdf:ID="_E67C-E-1229789336_3">
    <cim:IdentifiedObject.name>Emergency</cim:IdentifiedObject.name>
    <cim:CurrentLimit.value>0e+000</cim:CurrentLimit.value>
    <cim:OperationalLimit.OperationalLimitSet rdf:resource="#_E67B-E-1229789336"/>
    <cim:OperationalLimit.OperationalLimitType rdf:resource="#_b1a79382-62dd-44ce-aa56-02f9ffbd7759"/>
  </cim:CurrentLimit>
  <cim:Terminal rdf:ID="E-1229789339">
    <cim:IdentifiedObject.name>TR0_1</cim:IdentifiedObject.name>
    <cim:Terminal.sequenceNumber>2</cim:Terminal.sequenceNumber>
    <cim:Terminal.ConductingEquipment rdf:resource="#TR0"/>
  </cim:Terminal>
  <cim:PowerTransformerEnd rdf:ID="_cc0879ac-c07b-4e37-8a04-306dbe39052b">
    <cim:IdentifiedObject.name>TR0</cim:IdentifiedObject.name>
    <cim:PowerTransformerEnd.r>0e+000</cim:PowerTransformerEnd.r>
    <cim:PowerTransformerEnd.x>0e+000</cim:PowerTransformerEnd.x>
    <cim:PowerTransformerEnd.b>0.0</cim:PowerTransformerEnd.b>
    <cim:PowerTransformerEnd.g>0.0</cim:PowerTransformerEnd.g>
    <cim:PowerTransformerEnd.r0>0e+000</cim:PowerTransformerEnd.r0>
    <cim:PowerTransformerEnd.x0>0e+000</cim:PowerTransformerEnd.x0>
    <cim:PowerTransformerEnd.b0>0.0</cim:PowerTransformerEnd.b0>
    <cim:PowerTransformerEnd.g0>0.0</cim:PowerTransformerEnd.g0>
    <cim:TransformerEnd.rground>0e+000</cim:TransformerEnd.rground>
    <cim:TransformerEnd.xground>0.0</cim:TransformerEnd.xground>
    <cim:PowerTransformerEnd.ratedS>40.000000</cim:PowerTransformerEnd.ratedS>
    <cim:PowerTransformerEnd.ratedU>20.000000</cim:PowerTransformerEnd.ratedU>
    <cim:TransformerEnd.endNumber>2</cim:TransformerEnd.endNumber>
    <cim:PowerTransformerEnd.phaseAngleClock>5</cim:PowerTransformerEnd.phaseAngleClock>
    <cim:TransformerEnd.grounded>true</cim:TransformerEnd.grounded>
    <cim:PowerTransformerEnd.connectionKind rdf:resource="http://iec.ch/TC57/2012/CIM-schema-cim16#WindingConnection.D"/>
    <cim:TransformerEnd.BaseVoltage rdf:resource="#_4201aaae-3116-461a-90ec-7eeffd9340be"/>
    <cim:PowerTransformerEnd.PowerTransformer rdf:resource="#TR0"/>
    <cim:TransformerEnd.Terminal rdf:resource="#E-1229789339"/>
  </cim:PowerTransformerEnd>
  <cim:Name rdf:ID="_ef2ffe5c-ca87-40ca-97c7-f28956f8fa5e">
    <cim:Name.name>Ratings for branch TR0</cim:Name.name>
    <cim:Name.NameType rdf:resource="#_45ff0842-d60f-4acf-802b-e00463458fed"/>
    <cim:Name.IdentifiedObject rdf:resource="#_E67B-E-1229789339"/>
  </cim:Name>
  <cim:OperationalLimitSet rdf:ID="_E67B-E-1229789339">
    <cim:IdentifiedObject.name>Ratings</cim:IdentifiedObject.name>
    <cim:OperationalLimitSet.Equipment rdf:resource="#TR0"/>
    <cim:OperationalLimitSet.Terminal rdf:resource="#E-1229789339"/>
  </cim:OperationalLimitSet>
  <cim:Name rdf:ID="_4813b1eb-4d0a-48f9-84a8-348b2ed75d6b">
    <cim:Name.name>Ratings for line TR0 - Normal</cim:Name.name>
    <cim:Name.NameType rdf:resource="#_45ff0842-d60f-4acf-802b-e00463458fed"/>
    <cim:Name.IdentifiedObject rdf:resource="#_E67C-E-1229789339_1"/>
  </cim:Name>
  <cim:CurrentLimit rdf:ID="_E67C-E-1229789339_1">
    <cim:IdentifiedObject.name>Normal</cim:IdentifiedObject.name>
    <cim:CurrentLimit.value>0e+000</cim:CurrentLimit.value>
    <cim:OperationalLimit.OperationalLimitSet rdf:resource="#_E67B-E-1229789339"/>
    <cim:OperationalLimit.OperationalLimitType rdf:resource="#_24c22cc8-5a0b-4cdc-a379-04a43074c2fd"/>
  </cim:CurrentLimit>
  <cim:Name rdf:ID="_56d4773b-91c7-4972-af3c-cb20a6218449">
    <cim:Name.name>Ratings for line TR0 - ShortTerm</cim:Name.name>
    <cim:Name.NameType rdf:resource="#_45ff0842-d60f-4acf-802b-e00463458fed"/>
    <cim:Name.IdentifiedObject rdf:resource="#_E67C-E-1229789339_2"/>
  </cim:Name>
  <cim:CurrentLimit rdf:ID="_E67C-E-1229789339_2">
    <cim:IdentifiedObject.name>ShortTerm</cim:IdentifiedObject.name>
    <cim:CurrentLimit.value>0e+000</cim:CurrentLimit.value>
    <cim:OperationalLimit.OperationalLimitSet rdf:resource="#_E67B-E-1229789339"/>
    <cim:OperationalLimit.OperationalLimitType rdf:resource="#_ee107a64-38e3-4a45-bd8d-24d12d0a91c8"/>
  </cim:CurrentLimit>
  <cim:Name rdf:ID="_80833b47-14d8-4e59-8075-447d5adc6f69">
    <cim:Name.name>Ratings for line TR0 - Emergency</cim:Name.name>
    <cim:Name.NameType rdf:resource="#_45ff0842-d60f-4acf-802b-e00463458fed"/>
    <cim:Name.IdentifiedObject rdf:resource="#_E67C-E-1229789339_3"/>
  </cim:Name>
  <cim:CurrentLimit rdf:ID="_E67C-E-1229789339_3">
    <cim:IdentifiedObject.name>Emergency</cim:IdentifiedObject.name>
    <cim:CurrentLimit.value>0e+000</cim:CurrentLimit.value>
    <cim:OperationalLimit.OperationalLimitSet rdf:resource="#_E67B-E-1229789339"/>
    <cim:OperationalLimit.OperationalLimitType rdf:resource="#_b1a79382-62dd-44ce-aa56-02f9ffbd7759"/>
  </cim:CurrentLimit>
</rdf:RDF>
