<?xml version="1.0" encoding="utf-8"?>
<rdf:RDF xmlns:rdf="http://www.w3.org/1999/02/22-rdf-syntax-ns#" xmlns:cim="http://iec.ch/TC57/2012/CIM-schema-cim16#" xmlns:md="http://iec.ch/TC57/61970-552/ModelDescription/1#" xmlns:entsoe="http://entsoe.eu/Secretariat/ProfileExtension/2#" xmlns:neplan="http://www.neplan.ch#">
  <md:FullModel rdf:about="urn:uuid:925da302-edeb-4aa1-a9e9-3720097482bc">
    <md:Model.created>2017-10-19T18:25:41</md:Model.created>
    <neplan:Model.createdBy>NEPLAN by Busarello + Cott + Partner AG, Switzerland</neplan:Model.createdBy>
    <md:Model.scenarioTime>2017-10-19T18:25:30</md:Model.scenarioTime>
    <md:Model.version>7</md:Model.version>
    <md:Model.description>NEPLAN</md:Model.description>
    <md:Model.modelingAuthoritySet>FULL</md:Model.modelingAuthoritySet>
    <md:Model.profile>http://iec.ch/TC57/61970-452/Equipment/3</md:Model.profile>
  </md:FullModel>
  <cim:NameType rdf:ID="_b78c09d1-f350-4f0c-80cb-7e98f3476e37">
    <cim:NameType.name>description</cim:NameType.name>
  </cim:NameType>
  <cim:BaseVoltage rdf:ID="_4201aaae-3116-461a-90ec-7eeffd9340be">
    <cim:BaseVoltage.nominalVoltage>20.00</cim:BaseVoltage.nominalVoltage>
  </cim:BaseVoltage>
  <cim:VoltageLevel rdf:ID="_d56d1acc-b7b4-4391-987a-6cc7dcab9d59">
    <cim:IdentifiedObject.name>41</cim:IdentifiedObject.name>
    <cim:VoltageLevel.Substation rdf:resource="#_3FA2-2E-F1-31323239373839323835"/>
    <cim:VoltageLevel.BaseVoltage rdf:resource="#_4201aaae-3116-461a-90ec-7eeffd9340be"/>
  </cim:VoltageLevel>
  <cim:Substation rdf:ID="_3FA2-2E-F1-31323239373839323835">
    <cim:IdentifiedObject.name>N0</cim:IdentifiedObject.name>
    <cim:Substation.Region rdf:resource="#_2e7dc594-f8f6-4446-a778-e3af1844a19e"/>
  </cim:Substation>
  <cim:GeographicalRegion rdf:ID="_7568ac03-167d-483e-9782-ef6dbab59566">
    <cim:IdentifiedObject.name>Area 1</cim:IdentifiedObject.name>
  </cim:GeographicalRegion>
  <cim:SubGeographicalRegion rdf:ID="_2e7dc594-f8f6-4446-a778-e3af1844a19e">
    <cim:IdentifiedObject.name>Zone 1</cim:IdentifiedObject.name>
    <cim:SubGeographicalRegion.Region rdf:resource="#_7568ac03-167d-483e-9782-ef6dbab59566"/>
  </cim:SubGeographicalRegion>
  <cim:OperationalLimitType rdf:ID="_c1087a75-2859-49d9-bb0d-9fef404e0f42">
    <cim:IdentifiedObject.name>PATL</cim:IdentifiedObject.name>
    <cim:OperationalLimitType.acceptableDuration>45000</cim:OperationalLimitType.acceptableDuration>
    <cim:OperationalLimitType.direction rdf:resource="http://iec.ch/TC57/2012/CIM-schema-cim16#OperationalLimitDirectionKind.absoluteValue"/>
  </cim:OperationalLimitType>
  <cim:OperationalLimitType rdf:ID="_c6a143b9-dc61-4cd0-90e2-a786b91a3c7e">
    <cim:IdentifiedObject.name>TATL</cim:IdentifiedObject.name>
    <cim:OperationalLimitType.acceptableDuration>180</cim:OperationalLimitType.acceptableDuration>
    <cim:OperationalLimitType.direction rdf:resource="http://iec.ch/TC57/2012/CIM-schema-cim16#OperationalLimitDirectionKind.absoluteValue"/>
  </cim:OperationalLimitType>
  <cim:OperationalLimitType rdf:ID="_a2fc183e-54e0-426e-9b8c-4be4c6f43f58">
    <cim:IdentifiedObject.name>TATL</cim:IdentifiedObject.name>
    <cim:OperationalLimitType.acceptableDuration>60</cim:OperationalLimitType.acceptableDuration>
    <cim:OperationalLimitType.direction rdf:resource="http://iec.ch/TC57/2012/CIM-schema-cim16#OperationalLimitDirectionKind.absoluteValue"/>
  </cim:OperationalLimitType>
  <cim:EnergyConsumer rdf:ID="PQ0">
    <cim:IdentifiedObject.name>PQ0</cim:IdentifiedObject.name>
    <cim:Equipment.aggregate>false</cim:Equipment.aggregate>
    <cim:Equipment.EquipmentContainer rdf:resource="#_d56d1acc-b7b4-4391-987a-6cc7dcab9d59"/>
  </cim:EnergyConsumer>
  <cim:Terminal rdf:ID="E-1229789291">
    <cim:IdentifiedObject.name>PQ0_0</cim:IdentifiedObject.name>
    <cim:Terminal.sequenceNumber>1</cim:Terminal.sequenceNumber>
    <cim:Terminal.ConductingEquipment rdf:resource="#PQ0"/>
  </cim:Terminal>
  <cim:EnergyConsumer rdf:ID="PQ1">
    <cim:IdentifiedObject.name>PQ1</cim:IdentifiedObject.name>
    <cim:Equipment.aggregate>false</cim:Equipment.aggregate>
    <cim:Equipment.EquipmentContainer rdf:resource="#_d56d1acc-b7b4-4391-987a-6cc7dcab9d59"/>
  </cim:EnergyConsumer>
  <cim:Terminal rdf:ID="E-1229789384">
    <cim:IdentifiedObject.name>PQ1_0</cim:IdentifiedObject.name>
    <cim:Terminal.sequenceNumber>1</cim:Terminal.sequenceNumber>
    <cim:Terminal.ConductingEquipment rdf:resource="#PQ1"/>
  </cim:Terminal>
  <cim:Name rdf:ID="_427b557d-ee7a-4fa2-9d4c-e9cdd38386d1">
    <cim:Name.name>NETWORK-FEEDER:</cim:Name.name>
    <cim:Name.NameType rdf:resource="#_b78c09d1-f350-4f0c-80cb-7e98f3476e37"/>
    <cim:Name.IdentifiedObject rdf:resource="#SL"/>
  </cim:Name>
  <cim:ExternalNetworkInjection rdf:ID="SL">
    <cim:IdentifiedObject.name>SL</cim:IdentifiedObject.name>
    <cim:Equipment.aggregate>false</cim:Equipment.aggregate>
    <cim:Equipment.EquipmentContainer rdf:resource="#_d56d1acc-b7b4-4391-987a-6cc7dcab9d59"/>
    <cim:ExternalNetworkInjection.ikSecond>true</cim:ExternalNetworkInjection.ikSecond>
    <cim:ExternalNetworkInjection.maxInitialSymShCCurrent>43301.000000</cim:ExternalNetworkInjection.maxInitialSymShCCurrent>
    <cim:ExternalNetworkInjection.maxR0ToX0Ratio>0e+000</cim:ExternalNetworkInjection.maxR0ToX0Ratio>
    <cim:ExternalNetworkInjection.maxR1ToX1Ratio>0e+000</cim:ExternalNetworkInjection.maxR1ToX1Ratio>
    <cim:ExternalNetworkInjection.maxZ0ToZ1Ratio>0e+000</cim:ExternalNetworkInjection.maxZ0ToZ1Ratio>
    <cim:ExternalNetworkInjection.minInitialSymShCCurrent>0e+000</cim:ExternalNetworkInjection.minInitialSymShCCurrent>
    <cim:ExternalNetworkInjection.minR0ToX0Ratio>0e+000</cim:ExternalNetworkInjection.minR0ToX0Ratio>
    <cim:ExternalNetworkInjection.minR1ToX1Ratio>0e+000</cim:ExternalNetworkInjection.minR1ToX1Ratio>
    <cim:ExternalNetworkInjection.minZ0ToZ1Ratio>0e+000</cim:ExternalNetworkInjection.minZ0ToZ1Ratio>
    <cim:ExternalNetworkInjection.voltageFactor>1.000000</cim:ExternalNetworkInjection.voltageFactor>
    <cim:ExternalNetworkInjection.referencePriority>1</cim:ExternalNetworkInjection.referencePriority>
  </cim:ExternalNetworkInjection>
  <cim:Terminal rdf:ID="E-1229789294">
    <cim:IdentifiedObject.name>SL_0</cim:IdentifiedObject.name>
    <cim:Terminal.sequenceNumber>1</cim:Terminal.sequenceNumber>
    <cim:Terminal.ConductingEquipment rdf:resource="#SL"/>
  </cim:Terminal>
</rdf:RDF>
