<?xml version="1.0" encoding="utf-8"?>
<rdf:RDF xmlns:rdf="http://www.w3.org/1999/02/22-rdf-syntax-ns#" xmlns:cim="http://iec.ch/TC57/2012/CIM-schema-cim16#" xmlns:md="http://iec.ch/TC57/61970-552/ModelDescription/1#" xmlns:entsoe="http://entsoe.eu/Secretariat/ProfileExtension/2#" xmlns:neplan="http://www.neplan.ch#">
  <md:FullModel rdf:about="urn:uuid:04bb4412-e0b3-476e-9db9-669fa9667954">
    <md:Model.created>2017-10-19T18:25:41</md:Model.created>
    <neplan:Model.createdBy>NEPLAN by Busarello + Cott + Partner AG, Switzerland</neplan:Model.createdBy>
    <md:Model.scenarioTime>2017-10-19T18:25:30</md:Model.scenarioTime>
    <md:Model.version>7</md:Model.version>
    <md:Model.DependentOn rdf:resource="urn:uuid:925da302-edeb-4aa1-a9e9-3720097482bc"/>
    <md:Model.description>NEPLAN</md:Model.description>
    <md:Model.modelingAuthoritySet>FULL</md:Model.modelingAuthoritySet>
    <md:Model.profile>http://iec.ch/TC57/61970-456/Topology/3</md:Model.profile>
  </md:FullModel>
  <cim:NameType rdf:ID="_4074f95f-07e3-463b-bc48-54575337b9af">
    <cim:NameType.name>description</cim:NameType.name>
  </cim:NameType>
  <cim:TopologicalNode rdf:ID="N0">
    <cim:IdentifiedObject.name>N0</cim:IdentifiedObject.name>
    <cim:TopologicalNode.BaseVoltage rdf:resource="#_4201aaae-3116-461a-90ec-7eeffd9340be"/>
    <cim:TopologicalNode.ConnectivityNodeContainer rdf:resource="#_d56d1acc-b7b4-4391-987a-6cc7dcab9d59"/>
  </cim:TopologicalNode>
  <cim:Terminal rdf:about="#E-1229789291">
    <cim:Terminal.connected>true</cim:Terminal.connected>
    <cim:Terminal.TopologicalNode rdf:resource="#N0"/>
  </cim:Terminal>
  <cim:Terminal rdf:about="#E-1229789384">
    <cim:Terminal.connected>true</cim:Terminal.connected>
    <cim:Terminal.TopologicalNode rdf:resource="#N0"/>
  </cim:Terminal>
  <cim:Terminal rdf:about="#E-1229789294">
    <cim:Terminal.connected>true</cim:Terminal.connected>
    <cim:Terminal.TopologicalNode rdf:resource="#N0"/>
  </cim:Terminal>
</rdf:RDF>
