<?xml version="1.0" encoding="utf-8"?>
<rdf:RDF xmlns:rdf="http://www.w3.org/1999/02/22-rdf-syntax-ns#" xmlns:cim="http://iec.ch/TC57/2012/CIM-schema-cim16#" xmlns:md="http://iec.ch/TC57/61970-552/ModelDescription/1#" xmlns:entsoe="http://entsoe.eu/Secretariat/ProfileExtension/2#" xmlns:neplan="http://www.neplan.ch#">
  <md:FullModel rdf:about="urn:uuid:8ef0cff5-f72a-4f54-9482-1b3bebcf26ac">
    <md:Model.created>2017-10-19T18:25:41</md:Model.created>
    <neplan:Model.createdBy>NEPLAN by Busarello + Cott + Partner AG, Switzerland</neplan:Model.createdBy>
    <md:Model.scenarioTime>2017-10-19T18:25:30</md:Model.scenarioTime>
    <md:Model.version>7</md:Model.version>
    <md:Model.DependentOn rdf:resource="urn:uuid:925da302-edeb-4aa1-a9e9-3720097482bc"/>
    <md:Model.DependentOn rdf:resource="urn:uuid:04bb4412-e0b3-476e-9db9-669fa9667954"/>
    <md:Model.description>NEPLAN</md:Model.description>
    <md:Model.modelingAuthoritySet>FULL</md:Model.modelingAuthoritySet>
    <md:Model.profile>http://iec.ch/TC57/61970-456/StateVariables/3</md:Model.profile>
  </md:FullModel>
  <cim:SvVoltage rdf:ID="N0_5B20">
    <cim:SvVoltage.v>20.000000</cim:SvVoltage.v>
    <cim:SvVoltage.angle>0e+000</cim:SvVoltage.angle>
    <cim:SvVoltage.TopologicalNode rdf:resource="#N0"/>
  </cim:SvVoltage>
  <cim:SvPowerFlow rdf:ID="PQ0-sv">
    <cim:SvPowerFlow.p>0e+000</cim:SvPowerFlow.p>
    <cim:SvPowerFlow.q>0e+000</cim:SvPowerFlow.q>
    <cim:SvPowerFlow.Terminal rdf:resource="#E-1229789291"/>
  </cim:SvPowerFlow>
  <cim:SvPowerFlow rdf:ID="PQ1-sv">
    <cim:SvPowerFlow.p>0e+000</cim:SvPowerFlow.p>
    <cim:SvPowerFlow.q>0e+000</cim:SvPowerFlow.q>
    <cim:SvPowerFlow.Terminal rdf:resource="#E-1229789384"/>
  </cim:SvPowerFlow>
</rdf:RDF>
