<?xml version="1.0" encoding="utf-8"?>
<rdf:RDF xmlns:rdf="http://www.w3.org/1999/02/22-rdf-syntax-ns#" xmlns:cim="http://iec.ch/TC57/2012/CIM-schema-cim16#" xmlns:md="http://iec.ch/TC57/61970-552/ModelDescription/1#" xmlns:entsoe="http://entsoe.eu/Secretariat/ProfileExtension/2#" xmlns:neplan="http://www.neplan.ch#">
  <md:FullModel rdf:about="urn:uuid:ebaafbf7-8670-4e66-8d1a-aabeab34e37a">
    <md:Model.created>2017-10-19T17:34:29</md:Model.created>
    <neplan:Model.createdBy>NEPLAN by Busarello + Cott + Partner AG, Switzerland</neplan:Model.createdBy>
    <md:Model.scenarioTime>2017-10-19T17:34:28</md:Model.scenarioTime>
    <md:Model.version>7</md:Model.version>
    <md:Model.DependentOn rdf:resource="urn:uuid:e986dcb1-bb29-4506-bf47-c00b80d20498"/>
    <md:Model.DependentOn rdf:resource="urn:uuid:f3632954-9bf6-4037-8a3b-81dfd978dde0"/>
    <md:Model.description>NEPLAN</md:Model.description>
    <md:Model.modelingAuthoritySet>FULL</md:Model.modelingAuthoritySet>
    <md:Model.profile>http://iec.ch/TC57/61970-456/StateVariables/3</md:Model.profile>
  </md:FullModel>
  <cim:SvVoltage rdf:ID="N0_5B20">
    <cim:SvVoltage.v>20.000000</cim:SvVoltage.v>
    <cim:SvVoltage.angle>0e+000</cim:SvVoltage.angle>
    <cim:SvVoltage.TopologicalNode rdf:resource="#N0"/>
  </cim:SvVoltage>
  <cim:SvPowerFlow rdf:ID="PQ0-sv">
    <cim:SvPowerFlow.p>0e+000</cim:SvPowerFlow.p>
    <cim:SvPowerFlow.q>0e+000</cim:SvPowerFlow.q>
    <cim:SvPowerFlow.Terminal rdf:resource="#E-1229789291"/>
  </cim:SvPowerFlow>
</rdf:RDF>
