<?xml version="1.0" encoding="utf-8"?>
<rdf:RDF xmlns:rdf="http://www.w3.org/1999/02/22-rdf-syntax-ns#" xmlns:cim="http://iec.ch/TC57/2012/CIM-schema-cim16#" xmlns:md="http://iec.ch/TC57/61970-552/ModelDescription/1#" xmlns:entsoe="http://entsoe.eu/Secretariat/ProfileExtension/2#" xmlns:neplan="http://www.neplan.ch#">
  <md:FullModel rdf:about="urn:uuid:6b7ef9d7-31ec-4984-adfa-5f68fcb29496">
    <md:Model.created>2017-10-19T17:34:29</md:Model.created>
    <neplan:Model.createdBy>NEPLAN by Busarello + Cott + Partner AG, Switzerland</neplan:Model.createdBy>
    <md:Model.scenarioTime>2017-10-19T17:34:28</md:Model.scenarioTime>
    <md:Model.version>7</md:Model.version>
    <md:Model.DependentOn rdf:resource="urn:uuid:e986dcb1-bb29-4506-bf47-c00b80d20498"/>
    <md:Model.DependentOn rdf:resource="urn:uuid:f3632954-9bf6-4037-8a3b-81dfd978dde0"/>
    <md:Model.description>NEPLAN</md:Model.description>
    <md:Model.modelingAuthoritySet>FULL</md:Model.modelingAuthoritySet>
    <md:Model.profile>http://iec.ch/TC57/61970-453/DiagramLayout/2</md:Model.profile>
  </md:FullModel>
  <cim:Diagram rdf:ID="_eeb2a482-0770-41b7-9456-5c0f7e52694b">
    <cim:IdentifiedObject.name>Diagram 0</cim:IdentifiedObject.name>
    <cim:Diagram.orientation rdf:resource="http://iec.ch/TC57/2010/CIM-schema-cim16#OrientationKind.negative"/>
  </cim:Diagram>
  <cim:DiagramObject rdf:ID="_2f047254-788b-4801-a12d-2b1852fcc56e">
    <cim:DiagramObject.rotation>0</cim:DiagramObject.rotation>
    <cim:DiagramObject.IdentifiedObject rdf:resource="#E-1229789291"/>
    <cim:DiagramObject.Diagram rdf:resource="#_eeb2a482-0770-41b7-9456-5c0f7e52694b"/>
  </cim:DiagramObject>
  <cim:DiagramObjectPoint rdf:ID="_b1b97cbf-1caf-45c0-a60f-1056f7de9130">
    <cim:DiagramObjectPoint.sequenceNumber>1</cim:DiagramObjectPoint.sequenceNumber>
    <cim:DiagramObjectPoint.DiagramObject rdf:resource="#_2f047254-788b-4801-a12d-2b1852fcc56e"/>
    <cim:DiagramObjectPoint.xPosition>88.000000</cim:DiagramObjectPoint.xPosition>
    <cim:DiagramObjectPoint.yPosition>82.000000</cim:DiagramObjectPoint.yPosition>
  </cim:DiagramObjectPoint>
  <cim:DiagramObjectPoint rdf:ID="_5e444dbd-40f7-4e0b-93fb-adbb5584caf6">
    <cim:DiagramObjectPoint.sequenceNumber>2</cim:DiagramObjectPoint.sequenceNumber>
    <cim:DiagramObjectPoint.DiagramObject rdf:resource="#_2f047254-788b-4801-a12d-2b1852fcc56e"/>
    <cim:DiagramObjectPoint.xPosition>88.000000</cim:DiagramObjectPoint.xPosition>
    <cim:DiagramObjectPoint.yPosition>70.000000</cim:DiagramObjectPoint.yPosition>
  </cim:DiagramObjectPoint>
  <cim:DiagramObject rdf:ID="_1d3ffdee-361c-492c-adf9-716324eefe04">
    <cim:DiagramObject.rotation>0</cim:DiagramObject.rotation>
    <cim:DiagramObject.IdentifiedObject rdf:resource="#E-1229789294"/>
    <cim:DiagramObject.Diagram rdf:resource="#_eeb2a482-0770-41b7-9456-5c0f7e52694b"/>
  </cim:DiagramObject>
  <cim:DiagramObjectPoint rdf:ID="_1c332115-982f-4d02-b4b5-b904e453307c">
    <cim:DiagramObjectPoint.sequenceNumber>1</cim:DiagramObjectPoint.sequenceNumber>
    <cim:DiagramObjectPoint.DiagramObject rdf:resource="#_1d3ffdee-361c-492c-adf9-716324eefe04"/>
    <cim:DiagramObjectPoint.xPosition>88.000000</cim:DiagramObjectPoint.xPosition>
    <cim:DiagramObjectPoint.yPosition>66.000000</cim:DiagramObjectPoint.yPosition>
  </cim:DiagramObjectPoint>
  <cim:DiagramObjectPoint rdf:ID="_9a4fba3f-3376-4396-af73-d24ea3ba7b27">
    <cim:DiagramObjectPoint.sequenceNumber>2</cim:DiagramObjectPoint.sequenceNumber>
    <cim:DiagramObjectPoint.DiagramObject rdf:resource="#_1d3ffdee-361c-492c-adf9-716324eefe04"/>
    <cim:DiagramObjectPoint.xPosition>88.000000</cim:DiagramObjectPoint.xPosition>
    <cim:DiagramObjectPoint.yPosition>70.000000</cim:DiagramObjectPoint.yPosition>
  </cim:DiagramObjectPoint>
  <cim:DiagramObject rdf:ID="_d28ee8d0-cc0e-4edd-b315-356b293f453d">
    <cim:DiagramObject.rotation>0</cim:DiagramObject.rotation>
    <cim:DiagramObject.IdentifiedObject rdf:resource="#N0"/>
    <cim:DiagramObject.Diagram rdf:resource="#_eeb2a482-0770-41b7-9456-5c0f7e52694b"/>
  </cim:DiagramObject>
  <cim:DiagramObjectPoint rdf:ID="_770f6682-a7ce-4b24-a9f4-377554d26659">
    <cim:DiagramObjectPoint.sequenceNumber>1</cim:DiagramObjectPoint.sequenceNumber>
    <cim:DiagramObjectPoint.DiagramObject rdf:resource="#_d28ee8d0-cc0e-4edd-b315-356b293f453d"/>
    <cim:DiagramObjectPoint.xPosition>76.000000</cim:DiagramObjectPoint.xPosition>
    <cim:DiagramObjectPoint.yPosition>70.000000</cim:DiagramObjectPoint.yPosition>
  </cim:DiagramObjectPoint>
  <cim:DiagramObjectPoint rdf:ID="_2cbcbdc4-f70f-4fcd-9ccf-fca58a8fef10">
    <cim:DiagramObjectPoint.sequenceNumber>2</cim:DiagramObjectPoint.sequenceNumber>
    <cim:DiagramObjectPoint.DiagramObject rdf:resource="#_d28ee8d0-cc0e-4edd-b315-356b293f453d"/>
    <cim:DiagramObjectPoint.xPosition>98.000000</cim:DiagramObjectPoint.xPosition>
    <cim:DiagramObjectPoint.yPosition>70.000000</cim:DiagramObjectPoint.yPosition>
  </cim:DiagramObjectPoint>
  <cim:DiagramObject rdf:ID="_3d461902-d702-423d-b129-5a4e908cc6dd">
    <cim:DiagramObject.rotation>-90.000000</cim:DiagramObject.rotation>
    <cim:DiagramObject.IdentifiedObject rdf:resource="#SL"/>
    <cim:DiagramObject.Diagram rdf:resource="#_eeb2a482-0770-41b7-9456-5c0f7e52694b"/>
  </cim:DiagramObject>
  <cim:DiagramObjectPoint rdf:ID="_8f70d0d3-c688-43f0-842f-12e330e49994">
    <cim:DiagramObjectPoint.sequenceNumber>1</cim:DiagramObjectPoint.sequenceNumber>
    <cim:DiagramObjectPoint.DiagramObject rdf:resource="#_3d461902-d702-423d-b129-5a4e908cc6dd"/>
    <cim:DiagramObjectPoint.xPosition>88.000000</cim:DiagramObjectPoint.xPosition>
    <cim:DiagramObjectPoint.yPosition>55.200000</cim:DiagramObjectPoint.yPosition>
  </cim:DiagramObjectPoint>
  <cim:DiagramObject rdf:ID="_b213e284-5a25-49f5-b6b2-bff8053f7d84">
    <cim:DiagramObject.rotation>0</cim:DiagramObject.rotation>
    <cim:DiagramObject.IdentifiedObject rdf:resource="#PQ0"/>
    <cim:DiagramObject.Diagram rdf:resource="#_eeb2a482-0770-41b7-9456-5c0f7e52694b"/>
  </cim:DiagramObject>
  <cim:DiagramObjectPoint rdf:ID="_9deba1c7-5cb4-4bd9-834a-196bd9adfcc2">
    <cim:DiagramObjectPoint.sequenceNumber>1</cim:DiagramObjectPoint.sequenceNumber>
    <cim:DiagramObjectPoint.DiagramObject rdf:resource="#_b213e284-5a25-49f5-b6b2-bff8053f7d84"/>
    <cim:DiagramObjectPoint.xPosition>88.000000</cim:DiagramObjectPoint.xPosition>
    <cim:DiagramObjectPoint.yPosition>85.800000</cim:DiagramObjectPoint.yPosition>
  </cim:DiagramObjectPoint>
</rdf:RDF>
